{"cameraMode":{"drawMode":0,"name":"Shaded","section":"Shading Mode"},"sceneLighting":false,"audioPlay":false,"sceneViewState":{"showFog":true,"showMaterialUpdate":false,"showSkybox":false,"showFlares":true,"showImageEffects":true,"showParticleSystems":true},"in2DMode":false,"pivot":{"x":0.02681112289428711,"y":0.18182377517223359,"z":-0.001064583659172058},"rotation":{"x":-0.10152263194322586,"y":0.29470905661582949,"z":-0.03150596842169762,"w":-0.9496584534645081},"size":0.9216077327728272,"orthographic":false}