{"cameraMode":{"drawMode":0,"name":"Shaded","section":"Shading Mode"},"sceneLighting":true,"audioPlay":false,"sceneViewState":{"showFog":true,"showMaterialUpdate":false,"showSkybox":true,"showFlares":true,"showImageEffects":true,"showParticleSystems":true},"in2DMode":false,"pivot":{"x":130.16909790039063,"y":181.301025390625,"z":-16.262413024902345},"rotation":{"x":0.1657094806432724,"y":0.016271010041236879,"z":-0.0027344082482159139,"w":0.9860370755195618},"size":360.8630065917969,"orthographic":true}